Date,Open,Close,Ticker
2017-07-03,204.10845853819512,203.61441040039062,VOO
2017-07-05,203.87970955646915,203.97120666503906,VOO
2017-07-06,203.257570375513,202.14137268066406,VOO
2017-07-07,202.6720484151376,203.42227172851562,VOO
2017-07-10,203.29420800007324,203.6327362060547,VOO
2017-07-11,203.49544454759288,203.47714233398438,VOO
2017-07-12,204.45614162190617,205.00509643554688,VOO
2017-07-13,205.08743336998708,205.35275268554688,VOO
2017-07-14,205.4167981759071,206.2859649658203,VOO
2017-07-17,206.26765171142847,206.3134002685547,VOO
2017-07-18,205.97488498841028,206.46893310546875,VOO
2017-07-19,206.75256351918858,207.5576934814453,VOO
2017-07-20,207.8047288583735,207.62173461914062,VOO
2017-07-21,207.10020795063932,207.47532653808594,VOO
2017-07-24,207.38385842879242,207.40216064453125,VOO
2017-07-25,208.15236961869613,207.8961944580078,VOO
2017-07-26,208.20731244870368,207.9602813720703,VOO
2017-07-27,208.37198178018716,207.71324157714844,VOO
2017-07-28,207.26488598776325,207.47532653808594,VOO
2017-07-31,207.89621150201947,207.35641479492188,VOO
2017-08-01,207.96025898257378,207.82301330566406,VOO
2017-08-02,207.96943243113589,207.94198608398438,VOO
2017-08-03,207.8504980293984,207.57603454589844,VOO
2017-08-04,208.01514213327664,207.92364501953125,VOO
2017-08-07,207.9876838898522,208.2621612548828,VOO
2017-08-08,207.99683840512617,207.85044860839844,VOO
2017-08-09,207.09109890044746,207.73153686523438,VOO
2017-08-10,206.9904652030176,204.8769989013672,VOO
2017-08-11,205.0599908363203,205.15147399902344,VOO
2017-08-14,206.36830423543213,207.16427612304688,VOO
2017-08-15,207.53940311256252,207.18258666992188,VOO
2017-08-16,207.64005049021122,207.511962890625,VOO
2017-08-17,206.9446944780901,204.28228759765625,VOO
2017-08-18,204.10849382885928,203.90721130371094,VOO
2017-08-21,203.88888602029746,204.15420532226562,VOO
2017-08-22,204.68482723501327,206.2218780517578,VOO
2017-08-23,205.3619068607064,205.51744079589844,VOO
2017-08-24,205.8925516167404,205.04168701171875,VOO
2017-08-25,205.81018694339593,205.48997497558594,VOO
2017-08-28,206.00232550901504,205.5631561279297,VOO
2017-08-29,204.25487965678073,205.71875,VOO
2017-08-30,205.7278516776927,206.743408203125,VOO
2017-08-31,207.34728970527783,207.9602813720703,VOO
2017-09-01,208.38106866112346,208.31703186035156,VOO
2017-09-05,207.77728238347444,206.78001403808594,VOO
2017-09-06,207.4662031846996,207.5028076171875,VOO
2017-09-07,207.8047340782534,207.45706176757812,VOO
2017-09-08,207.1825588580601,207.13681030273438,VOO
2017-09-11,208.4634487029903,209.3966522216797,VOO
2017-09-12,209.8083752554867,210.16519165039062,VOO
2017-09-13,209.85415023889863,210.29331970214844,VOO
2017-09-14,209.945630629703,210.22010803222656,VOO
2017-09-15,210.08286706847542,210.51287841796875,VOO
2017-09-18,210.8513836142287,210.8788299560547,VOO
2017-09-19,211.15334380057737,211.1350555419922,VOO
2017-09-20,211.21410834321833,211.2509002685547,VOO
2017-09-21,211.08533703308854,210.65313720703125,VOO
2017-09-22,210.3588710201251,210.62554931640625,VOO
2017-09-25,210.42325846942472,210.31289672851562,VOO
2017-09-26,210.67150305124142,210.3864288330078,VOO
2017-09-27,211.07616660798698,211.2049102783203,VOO
2017-09-28,210.91981544378214,211.45318603515625,VOO
2017-09-29,211.42560719116028,212.20726013183594,VOO
2017-10-02,212.42795323552772,213.09925842285156,VOO
2017-10-03,213.2556108472119,213.531494140625,VOO
2017-10-04,213.45791084237982,213.8257598876953,VOO
2017-10-05,214.13843858313058,215.09481811523438,VOO
2017-10-06,214.69018713778948,214.89248657226562,VOO
2017-10-09,215.11319254705896,214.5154571533203,VOO
2017-10-10,215.0396332139764,215.0580291748047,VOO
2017-10-11,214.94766993115692,215.407470703125,VOO
2017-10-12,215.06724153586984,215.07644653320312,VOO
2017-10-13,215.52699513483822,215.31549072265625,VOO
2017-10-16,215.56380997984968,215.65576171875,VOO
2017-10-17,215.61895938737354,215.79368591308594,VOO
2017-10-18,216.16154294979287,215.98681640625,VOO
2017-10-19,215.21435952484222,216.09718322753906,VOO
2017-10-20,216.84205383417918,217.17311096191406,VOO
2017-10-23,217.47656068050722,216.38223266601562,VOO
2017-10-24,216.73165304888715,216.68568420410156,VOO
2017-10-25,216.3822447057736,215.6465606689453,VOO
2017-10-26,216.1983147488979,215.84886169433594,VOO
2017-10-27,216.68568713605038,217.68804931640625,VOO
2017-10-30,216.68571237455117,216.897216796875,VOO
2017-10-31,217.265077000735,217.14553833007812,VOO
2017-11-01,217.97316231788557,217.52255249023438,VOO
2017-11-02,217.43977542015023,217.614501953125,VOO
2017-11-03,217.7892660916781,218.3410186767578,VOO
2017-11-06,218.16625800450726,218.67202758789062,VOO
2017-11-07,218.76401088631013,218.58009338378906,VOO
2017-11-08,218.32260758613035,218.90194702148438,VOO
2017-11-09,217.69729656226818,218.11111450195312,VOO
2017-11-10,217.68808038123464,217.9823455810547,VOO
2017-11-13,217.3294422928704,218.23985290527344,VOO
2017-11-14,217.4305834152187,217.7064666748047,VOO
2017-11-15,216.7868572254506,216.59373474121094,VOO
2017-11-16,217.50418561197822,218.44216918945312,VOO
2017-11-17,218.10191880775363,217.85362243652344,VOO
2017-11-20,218.05592758399393,218.13870239257812,VOO
2017-11-21,218.92033909577003,219.59164428710938,VOO
2017-11-22,219.65604269144873,219.43533325195312,VOO
2017-11-24,219.89511108398435,219.89511108398438,VOO
2017-11-27,219.95949316520003,219.83074951171875,VOO
2017-11-28,220.32733558215708,222.0102081298828,VOO
2017-11-29,222.17574080626687,221.9274444580078,VOO
2017-11-30,222.81946497595462,223.78504943847656,VOO
2017-12-01,223.6930972635067,223.37123107910156,VOO
2017-12-04,225.02648746772448,223.13211059570312,VOO
2017-12-05,223.38046305495587,222.34130859375,VOO
2017-12-06,222.2952698491283,222.33206176757812,VOO
2017-12-07,222.25851039329027,223.06776428222656,VOO
2017-12-08,223.8769892933012,224.2816162109375,VOO
2017-12-11,224.40117605319625,225.0081024169922,VOO
2017-12-12,225.24720852713506,225.39434814453125,VOO
2017-12-13,225.63343633515848,225.3391571044922,VOO
2017-12-14,225.67024722032872,224.4471893310547,VOO
2017-12-15,225.44032177043775,226.33233642578125,VOO
2017-12-18,227.61978018760388,227.73931884765625,VOO
2017-12-19,227.98762958812438,226.9116973876953,VOO
2017-12-20,227.80371022131914,226.73696899414062,VOO
2017-12-21,227.34387116678897,227.1967315673828,VOO
2017-12-22,227.22432663827934,227.1507568359375,VOO
2017-12-26,226.99739840515142,226.88650512695312,VOO
2017-12-27,227.04361829555378,227.01588439941406,VOO
2017-12-28,227.43171325385856,227.44094848632812,VOO
2017-12-29,228.0138440351292,226.655517578125,VOO
2018-01-02,227.45016493698918,228.31875610351562,VOO
2018-01-03,228.45736500328601,229.6770782470703,VOO
2018-01-04,230.33314304851325,230.68426513671875,VOO
2018-01-05,231.43277207903412,232.16275024414062,VOO
2018-01-08,232.0795444675099,232.64320373535156,VOO
2018-01-09,233.0220870597771,233.1329803466797,VOO
2018-01-10,232.40298981550896,232.7356414794922,VOO
2018-01-11,233.2900415316152,234.45431518554688,VOO
2018-01-12,234.73153165414354,236.00669860839844,VOO
2018-01-16,237.28184632385086,235.14732360839844,VOO
2018-01-17,236.0898797837378,237.4204864501953,VOO
2018-01-18,237.3280688587554,237.09706115722656,VOO
2018-01-19,237.61451285439918,238.104248046875,VOO
2018-01-22,237.89170850112075,240.0169677734375,VOO
2018-01-23,240.10013369786358,240.56214904785156,VOO
2018-01-24,241.1997897584169,240.44207763671875,VOO
2018-01-25,241.32906690894148,240.5528564453125,VOO
2018-01-26,241.4768954700841,243.35267639160156,VOO
2018-01-29,242.86303059059082,241.67105102539062,VOO
2018-01-30,239.94304661445213,239.09292602539062,VOO
2018-01-31,240.09092557930413,239.3147430419922,VOO
2018-02-01,238.6679023769992,239.07447814941406,VOO
2018-02-02,237.8177946318694,233.95535278320312,VOO
2018-02-05,232.1719545658781,224.3454132080078,VOO
2018-02-06,220.65853214859658,228.4943084716797,VOO
2018-02-07,227.96762889334744,227.2468719482422,VOO
2018-02-08,227.5425762692991,218.80123901367188,VOO
2018-02-09,221.39778297422671,222.17396545410156,VOO
2018-02-12,224.07746336253646,225.2232666015625,VOO
2018-02-13,224.19758445891486,225.98095703125,VOO
2018-02-14,224.53948467343415,228.9378662109375,VOO
2018-02-15,230.63810447145744,231.90402221679688,VOO
2018-02-16,231.25718281951572,231.87628173828125,VOO
2018-02-20,231.00769552701888,230.4717559814453,VOO
2018-02-21,230.87829936921503,229.26124572753906,VOO
2018-02-22,230.24072565675473,229.53846740722656,VOO
2018-02-23,230.84135716909483,233.3085174560547,VOO
2018-02-26,234.29725370709153,235.99746704101562,VOO
2018-02-27,236.20997974160238,232.985107421875,VOO
2018-02-28,234.1216855021607,230.39784240722656,VOO
2018-03-01,230.57339594540883,227.35777282714844,VOO
2018-03-02,225.68525093105447,228.56822204589844,VOO
2018-03-05,227.33004787697595,231.19248962402344,VOO
2018-03-06,232.13496853810653,231.77459716796875,VOO
2018-03-07,229.6585945411296,231.67298889160156,VOO
2018-03-08,232.3013092426539,232.75408935546875,VOO
2018-03-09,234.14938937969504,236.7828826904297,VOO
2018-03-12,237.1432884150636,236.55189514160156,VOO
2018-03-13,237.6607273765522,234.99026489257812,VOO
2018-03-14,235.93278847147124,233.7520751953125,VOO
2018-03-15,234.28803129957055,233.5303192138672,VOO
2018-03-16,233.99231195373383,233.7705535888672,VOO
2018-03-19,233.08679514447618,230.64735412597656,VOO
2018-03-20,230.99843919825094,231.0538787841797,VOO
2018-03-21,230.952239901343,230.5179443359375,VOO
2018-03-22,228.3373077437184,224.78903198242188,VOO
2018-03-23,225.2232696005423,220.0024871826172,VOO
2018-03-26,223.54285736713518,226.0584259033203,VOO
2018-03-27,226.93099929232878,222.1411895751953,VOO
2018-03-28,222.28043415350217,221.51925659179688,VOO
2018-03-29,222.64245416926715,224.71246337890625,VOO
2018-04-02,223.88631808873566,219.51422119140625,VOO
2018-04-03,220.74882353906924,222.29901123046875,VOO
2018-04-04,218.94800026118818,224.8610076904297,VOO
2018-04-05,226.40191972221177,226.4854736328125,VOO
2018-04-06,224.58252223658175,221.50070190429688,VOO
2018-04-09,222.92091418607984,222.40109252929688,VOO
2018-04-10,225.33438645024003,226.0677032470703,VOO
2018-04-11,224.63823599958076,224.87030029296875,VOO
2018-04-12,226.22553950089,226.754638671875,VOO
2018-04-13,228.20269972134426,226.1234130859375,VOO
2018-04-16,227.67359209147483,227.9613494873047,VOO
2018-04-17,229.6693787634788,230.4119873046875,VOO
2018-04-18,230.82038055737195,230.54190063476562,VOO
2018-04-19,229.85502538460528,229.27951049804688,VOO
2018-04-20,229.23307201870696,227.4229736328125,VOO
2018-04-23,227.93351485102025,227.32086181640625,VOO
2018-04-24,228.32341497049484,224.22052001953125,VOO
2018-04-25,224.1833522044113,224.79600524902344,VOO
2018-04-26,225.77068366362795,227.1073760986328,VOO
2018-04-27,227.6365123525573,227.3487548828125,VOO
2018-04-30,227.89640056035165,225.49221801757812,VOO
2018-05-01,225.05595010374861,225.9749298095703,VOO
2018-05-02,225.76140543753596,224.43399047851562,VOO
2018-05-03,223.59853496205645,223.9048614501953,VOO
2018-05-04,223.01376751239602,226.8753204345703,VOO
2018-05-07,227.5992880961662,227.58071899414062,VOO
2018-05-08,227.26517615813498,227.57150268554688,VOO
2018-05-09,228.22129655274458,229.78076171875,VOO
2018-05-10,230.54189498070184,231.9342803955078,VOO
2018-05-11,232.10139141122494,232.50054931640625,VOO
2018-05-14,233.10390284205099,232.7604522705078,VOO
2018-05-15,231.60013081763165,231.16384887695312,VOO
2018-05-16,231.2103077235588,232.14784240722656,VOO
2018-05-17,231.86931170519952,231.95286560058594,VOO
2018-05-18,231.62798322584936,231.37734985351562,VOO
2018-05-21,232.7790149260903,233.0760498046875,VOO
2018-05-22,233.6144365127268,232.40769958496094,VOO
2018-05-23,231.24741404242616,233.13177490234375,VOO
2018-05-24,232.75117253492382,232.68618774414062,VOO
2018-05-25,232.1013641357422,232.1013641357422,VOO
2018-05-29,230.46763606540085,229.418701171875,VOO
2018-05-30,230.69971177971752,232.44483947753906,VOO
2018-05-31,232.05497504117247,230.94105529785156,VOO
2018-06-01,232.27775722785233,233.37310791015625,VOO
2018-06-04,234.07860774438396,234.40350341796875,VOO
2018-06-05,234.53342173628354,234.7283477783203,VOO
2018-06-06,235.1924846465895,236.6034393310547,VOO
2018-06-07,237.04898060201984,236.49203491210938,VOO
2018-06-08,236.11145244952522,237.23464965820312,VOO
2018-06-11,237.4388610081089,237.5409698486328,VOO
2018-06-12,237.99583073598197,237.9401092529297,VOO
2018-06-13,238.1257761076763,236.99330139160156,VOO
2018-06-14,237.92157747109945,237.6802215576172,VOO
2018-06-15,236.95616102834296,237.47598266601562,VOO
2018-06-18,235.94433388847358,236.90972900390625,VOO
2018-06-19,234.69121516021585,236.00933837890625,VOO
2018-06-20,236.67768204646094,236.43634033203125,VOO
2018-06-21,236.38989642750033,234.9603729248047,VOO
2018-06-22,236.14861480315705,235.378173828125,VOO
2018-06-25,234.26422080172264,232.1199493408203,VOO
2018-06-26,232.6768935862072,232.63047790527344,VOO
2018-06-27,233.2431825467603,230.6997528076172,VOO
2018-06-28,230.63164079316698,232.1051483154297,VOO
2018-06-29,233.13099521211538,232.6926727294922,VOO
2018-07-02,230.87410876400565,232.963134765625,VOO
2018-07-03,233.78380520500357,232.0211944580078,VOO
2018-07-05,233.2149443623797,234.0076446533203,VOO
2018-07-06,233.9983384178653,235.956787109375,VOO
2018-07-09,236.92667615685582,238.04579162597656,VOO
2018-07-10,238.51209685202156,238.87582397460938,VOO
2018-07-11,237.43964166693203,237.24378967285156,VOO
2018-07-12,238.428187235836,239.27685546875,VOO
2018-07-13,239.20219798166872,239.48199462890625,VOO
2018-07-16,239.57526366967406,239.33277893066406,VOO
2018-07-17,238.6053526917678,240.358642578125,VOO
2018-07-18,240.38662089759373,240.79696655273438,VOO
2018-07-19,240.1441373314738,239.8830108642578,VOO
2018-07-20,239.67783667218046,239.65919494628906,VOO
2018-07-23,239.42608172727935,240.11619567871094,VOO
2018-07-24,241.39383284778822,241.24461364746094,VOO
2018-07-25,241.1140008116992,243.45480346679688,VOO
2018-07-26,242.6062063704498,242.73675537109375,VOO
2018-07-27,243.15640361245173,241.16062927246094,VOO
2018-07-30,241.1700161364775,239.7711181640625,VOO
2018-07-31,240.62909794287938,240.98348999023438,VOO
2018-08-01,241.20730946275714,240.68502807617188,VOO
2018-08-02,239.42602285899602,241.90673828125,VOO
2018-08-03,242.10258856381444,243.0911407470703,VOO
2018-08-06,242.99790446281528,244.005126953125,VOO
2018-08-07,244.527432993738,244.6859588623047,VOO
2018-08-08,244.55532836914065,244.55532836914062,VOO
2018-08-09,244.64858443016985,244.24757385253906,VOO
2018-08-10,242.81135422611695,242.58753967285156,VOO
2018-08-13,242.85803514347725,241.67364501953125,VOO
2018-08-14,242.4197227381276,243.2310791015625,VOO
2018-08-15,241.94404294696002,241.44046020507812,VOO
2018-08-16,242.81132315829817,243.39886474609375,VOO
2018-08-17,243.13782894516726,244.21031188964844,VOO
2018-08-20,244.71387827083825,244.75119018554688,VOO
2018-08-21,245.28277587890622,245.28277587890625,VOO
2018-08-22,244.93772727894304,245.20816040039062,VOO
2018-08-23,244.97501740799152,244.85377502441406,VOO
2018-08-24,245.42265234786754,246.39256286621094,VOO
2018-08-27,247.4930409535314,248.24844360351562,VOO
2018-08-28,248.78004016122816,248.38833618164062,VOO
2018-08-29,248.62150242328806,249.74993896484375,VOO
2018-08-30,249.29290219320518,248.73333740234375,VOO
2018-08-31,248.37894870115767,248.74267578125,VOO
2018-09-04,248.3976745605469,248.39767456054688,VOO
2018-09-05,247.98731497986606,247.69821166992188,VOO
2018-09-06,247.7821203755662,246.97076416015625,VOO
2018-09-07,245.86096827350323,246.37388610839844,VOO
2018-09-10,247.39977485691762,246.8402099609375,VOO
2018-09-11,246.2339539308487,247.77273559570312,VOO
2018-09-12,247.70754619823626,247.80081176757812,VOO
2018-09-13,248.79868443927165,249.2090301513672,VOO
2018-09-14,249.44215448093203,249.3395538330078,VOO
2018-09-17,249.20897559859424,247.9313201904297,VOO
2018-09-18,248.1644985854046,249.28359985351562,VOO
2018-09-19,249.3302353654106,249.56338500976562,VOO
2018-09-20,250.76647549157096,251.56849670410156,VOO
2018-09-21,252.31452933728013,251.39126586914062,VOO
2018-09-24,250.80377811411947,250.55198669433594,VOO
2018-09-25,250.96230558578017,250.2441864013672,VOO
2018-09-26,250.42870659418128,249.5106201171875,VOO
2018-09-27,250.01655782687416,250.2039031982422,VOO
2018-09-28,249.6605457807118,250.17578125,VOO
2018-10-01,251.49673207130252,251.10328674316406,VOO
2018-10-02,251.03766902781985,251.0751495361328,VOO
2018-10-03,252.0213163249233,251.2906036376953,VOO
2018-10-04,250.66298232920767,249.2296600341797,VOO
2018-10-05,249.37012150284252,247.8243865966797,VOO
2018-10-08,247.10305456894423,247.7588348388672,VOO
2018-10-09,247.41218912672318,247.44029235839844,VOO
2018-10-10,246.96250571376152,239.44927978515625,VOO
2018-10-11,238.70922249600656,234.4092559814453,VOO
2018-10-12,238.31577457227388,237.57569885253906,VOO
2018-10-15,237.1916014639728,236.27352905273438,VOO
2018-10-16,238.08154547453682,241.30416870117188,VOO
2018-10-17,241.46345171710078,241.38851928710938,VOO
2018-10-18,240.5266601012732,237.9972686767578,VOO
2018-10-19,238.57808497500176,237.80990600585938,VOO
2018-10-22,238.4656396287674,236.8262176513672,VOO
2018-10-23,233.2663358854925,235.4022674560547,VOO
2018-10-24,235.31794401431372,228.37615966796875,VOO
2018-10-25,230.18423620131472,232.4700469970703,VOO
2018-10-26,228.90079016405357,228.35743713378906,VOO
2018-10-29,231.42085415025423,227.17709350585938,VOO
2018-10-30,226.99905599565648,230.6526336669922,VOO
2018-10-31,233.0040411440583,233.06961059570312,VOO
2018-11-01,233.85651238147216,235.48655700683594,VOO
2018-11-02,236.4889681247017,234.025146484375,VOO
2018-11-05,234.50293438068303,235.3554229736328,VOO
2018-11-06,235.30853882188032,236.8449249267578,VOO
2018-11-07,238.95280187304493,241.84754943847656,VOO
2018-11-08,241.21984082661504,241.43531799316406,VOO
2018-11-09,240.29244033779926,239.2057342529297,VOO
2018-11-12,238.5968065942854,234.58724975585938,VOO
2018-11-13,235.10248066712015,234.1937713623047,VOO
2018-11-14,236.03930513758073,232.59182739257812,VOO
2018-11-15,231.41144161944516,234.9994354248047,VOO
2018-11-16,233.98769540946566,235.59901428222656,VOO
2018-11-19,235.08374652314066,231.69248962402344,VOO
2018-11-20,228.43237469712318,227.42999267578125,VOO
2018-11-21,228.80712729574694,228.18882751464844,VOO
2018-11-23,226.52131017798055,226.71803283691406,VOO
2018-11-26,228.79775194987548,230.2685546875,VOO
2018-11-27,229.26615256627787,230.98989868164062,VOO
2018-11-28,232.06723361118657,236.3859405517578,VOO
2018-11-29,235.64586027942997,235.8988037109375,VOO
2018-11-30,235.73952506094034,237.4632568359375,VOO
2018-12-03,241.3697398020919,240.39544677734375,VOO
2018-12-04,239.68350816508647,232.93844604492188,VOO
2018-12-06,228.97572046394853,232.34825134277344,VOO
2018-12-07,231.9829183221877,226.9522247314453,VOO
2018-12-10,226.70862721416793,227.223876953125,VOO
2018-12-11,230.4090313072542,227.28944396972656,VOO
2018-12-12,230.26854686864044,228.54481506347656,VOO
2018-12-13,229.38792092676397,228.4698486328125,VOO
2018-12-14,226.38078120232404,224.2542266845703,VOO
2018-12-17,223.28309308423434,219.67567443847656,VOO
2018-12-18,221.3428326723962,219.59092712402344,VOO
2018-12-19,219.6568467593312,216.08709716796875,VOO
2018-12-20,215.0792930426329,212.53619384765625,VOO
2018-12-21,213.56287615271108,208.30715942382812,VOO
2018-12-24,206.96972042976356,202.5711212158203,VOO
2018-12-26,204.27588756632588,212.8187713623047,VOO
2018-12-27,210.00256450095608,214.7967529296875,VOO
2018-12-28,215.99297258056222,214.52362060546875,VOO
2018-12-31,215.98347986161798,216.4544219970703,VOO
2019-01-02,213.03540137305103,216.62399291992188,VOO
2019-01-03,214.84383830939004,211.4530487060547,VOO
2019-01-04,214.31637414369484,218.4324188232422,VOO
2019-01-07,218.79031050599096,220.07127380371094,VOO
2019-01-08,222.33180014853065,222.2093505859375,VOO
2019-01-09,222.95346911863027,223.23602294921875,VOO
2019-01-10,221.95505345657764,224.16848754882812,VOO
2019-01-11,223.08534210635932,224.0648956298828,VOO
2019-01-14,222.37890843174847,222.8310089111328,VOO
2019-01-15,223.19832841995458,225.4400177001953,VOO
2019-01-16,225.78854979392494,225.9392547607422,VOO
2019-01-17,225.11036877248733,227.6251983642578,VOO
2019-01-18,229.40536171686097,230.6863250732422,VOO
2019-01-22,229.24523965159554,227.61578369140625,VOO
2019-01-23,228.5765125781394,227.9548797607422,VOO
2019-01-24,227.84184448239006,228.18092346191406,VOO
2019-01-25,229.9233832706948,230.12118530273438,VOO
2019-01-28,228.02075096860946,228.3409881591797,VOO
2019-01-29,228.45406139837723,228.0584716796875,VOO
2019-01-30,229.49957167445095,231.66590881347656,VOO
2019-01-31,231.57171017392722,233.5967559814453,VOO
2019-02-01,233.87930654962855,233.79454040527344,VOO
2019-02-04,233.86989825291093,235.46168518066406,VOO
2019-02-05,235.88552449586427,236.50717163085938,VOO
2019-02-06,236.1774951351543,236.2151641845703,VOO
2019-02-07,234.56687743811216,233.8981475830078,VOO
2019-02-08,232.65487973313378,234.19956970214844,VOO
2019-02-11,234.79293314887857,234.32199096679688,VOO
2019-02-12,235.82901033634943,237.3548583984375,VOO
2019-02-13,238.12723436820397,238.07070922851562,VOO
2019-02-14,237.0251888869735,237.54322814941406,VOO
2019-02-15,239.2668644125733,240.16165161132812,VOO
2019-02-19,239.37989844915347,240.5760955810547,VOO
2019-02-20,240.56666909913443,241.13180541992188,VOO
2019-02-21,240.49131518645515,240.25584411621094,VOO
2019-02-22,240.83039721979188,241.69691467285156,VOO
2019-02-25,243.0909339037632,242.0548553466797,VOO
2019-02-26,241.6404444145858,241.87591552734375,VOO
2019-02-27,241.17892980169344,241.7534942626953,VOO
2019-02-28,241.51797395474955,241.1883087158203,VOO
2019-03-01,242.82722673607907,242.84605407714844,VOO
2019-03-04,243.82558292969352,241.91355895996094,VOO
2019-03-05,242.0548426612836,241.63101196289062,VOO
2019-03-06,241.70634586607622,240.0863037109375,VOO
2019-03-07,239.69071821470737,238.15545654296875,VOO
2019-03-08,236.2999363245187,237.67507934570312,VOO
2019-03-11,238.33442384497042,241.1412353515625,VOO
2019-03-12,241.61216076296665,241.9983367919922,VOO
2019-03-13,242.85547276675354,243.6466522216797,VOO
2019-03-14,243.64662526907833,243.56185913085938,VOO
2019-03-15,243.96687710940742,244.7486572265625,VOO
2019-03-18,244.8899346173934,245.62460327148438,VOO
2019-03-19,246.59476816524872,245.69996643066406,VOO
2019-03-20,245.398554263094,244.82398986816406,VOO
2019-03-21,244.07096089114432,247.62290954589844,VOO
2019-03-22,246.3347785303489,242.91542053222656,VOO
2019-03-25,242.5649660863753,242.6975860595703,VOO
2019-03-26,244.3835632832354,244.44984436035156,VOO
2019-03-27,244.51616400564717,243.31324768066406,VOO
2019-03-28,243.85316902453818,244.2604522705078,VOO
2019-03-29,245.64333007863462,245.83277893066406,VOO
2019-04-01,247.65135952467304,248.66485595703125,VOO
2019-04-02,248.7974529552657,248.7500762939453,VOO
2019-04-03,249.93410440927155,249.2142333984375,VOO
2019-04-04,249.4604282944798,249.81088256835938,VOO
2019-04-05,250.45509464653568,251.01393127441406,VOO
2019-04-08,250.5971212485391,251.23171997070312,VOO
2019-04-09,250.2655499319037,249.89613342285156,VOO
2019-04-10,250.29402082132566,250.7581329345703,VOO
2019-04-11,251.23169531867327,250.71075439453125,VOO
2019-04-12,252.26414891098474,252.40625,VOO
2019-04-15,252.49144604354018,252.23568725585938,VOO
2019-04-16,253.0882030490636,252.41567993164062,VOO
2019-04-17,253.45760979870911,251.80003356933594,VOO
2019-04-18,252.36832976147826,252.2736053466797,VOO
2019-04-22,251.5348155212912,252.5198974609375,VOO
2019-04-23,252.86085100855544,254.69839477539062,VOO
2019-04-24,254.6889971403392,254.19644165039062,VOO
2019-04-25,254.1111809435175,254.10169982910156,VOO
2019-04-26,254.11115511913192,255.2667236328125,VOO
2019-04-29,255.32359508394828,255.58880615234375,VOO
2019-04-30,255.3235714392296,255.74981689453125,VOO
2019-05-01,256.3844071562006,253.88385009765625,VOO
2019-05-02,253.7322749907471,253.38182067871094,VOO
2019-05-03,254.7173928016012,255.78768920898438,VOO
2019-05-06,251.62005363722932,254.77420043945312,VOO
2019-05-07,252.40626738390412,250.6444854736328,VOO
2019-05-08,250.18982731198696,250.1519317626953,VOO
2019-05-09,248.10602758494784,249.38473510742188,VOO
2019-05-10,248.51331374707107,250.5497589111328,VOO
2019-05-13,245.67175327296627,244.40252685546875,VOO
2019-05-14,245.3117726041397,246.524169921875,VOO
2019-05-15,244.97083369572184,247.98287963867188,VOO
2019-05-16,248.608008476479,250.256103515625,VOO
2019-05-17,248.05866936106287,248.74061584472656,VOO
2019-05-20,247.1208976828045,247.04513549804688,VOO
2019-05-21,248.63640489051647,249.13841247558594,VOO
2019-05-22,248.2765446863578,248.45651245117188,VOO
2019-05-23,246.34421706218305,245.548583984375,VOO
2019-05-24,246.83678134858428,245.97483825683594,VOO
2019-05-28,246.23060460109008,243.76791381835938,VOO
2019-05-29,242.6028583809098,242.09136962890625,VOO
2019-05-30,242.7449369167749,242.7638702392578,VOO
2019-05-31,240.2348855451893,239.5150146484375,VOO
2019-06-03,239.4771504584026,238.8046417236328,VOO
2019-06-04,241.03999723703652,244.06153869628906,VOO
2019-06-05,245.54858982245028,246.1263885498047,VOO
2019-06-06,246.42950157423772,247.72714233398438,VOO
2019-06-07,248.75010093134506,250.1992950439453,VOO
2019-06-10,251.72427943373893,251.3738250732422,VOO
2019-06-11,253.135576102392,251.32644653320312,VOO
2019-06-12,251.1180858255089,250.85287475585938,VOO
2019-06-13,251.78113057443787,251.97055053710938,VOO
2019-06-14,251.67684180163232,251.5915985107422,VOO
2019-06-17,251.89477609140798,251.81898498535156,VOO
2019-06-18,253.51447557686708,254.32907104492188,VOO
2019-06-19,254.54685076545218,255.0015106201172,VOO
2019-06-20,257.5778683327459,257.37896728515625,VOO
2019-06-21,257.1895549744196,257.0758972167969,VOO
2019-06-24,257.2464230597729,256.7444152832031,VOO
2019-06-25,256.7821887260723,254.20584106445312,VOO
2019-06-26,255.0772983128771,253.95962524414062,VOO
2019-06-27,254.67941326065366,254.85081481933594,VOO
2019-06-28,255.83145648662165,256.2598876953125,VOO
2019-07-01,259.41135583274735,258.4402160644531,VOO
2019-07-02,258.46880183480965,259.1924133300781,VOO
2019-07-03,259.839836047217,261.18231201171875,VOO
2019-07-05,260.0588231119496,260.84906005859375,VOO
2019-07-08,259.7255806005503,259.544677734375,VOO
2019-07-09,258.4021231291938,259.8683776855469,VOO
2019-07-10,260.89667280506234,261.07757568359375,VOO
2019-07-11,261.7060058087129,261.6012878417969,VOO
2019-07-12,262.2011066290013,262.8865966796875,VOO
2019-07-15,263.28646020967284,262.9532165527344,VOO
2019-07-16,262.89608078429,262.0963134765625,VOO
2019-07-17,262.09637750126,260.3254699707031,VOO
2019-07-18,259.8398646251896,261.2775573730469,VOO
2019-07-19,262.32482553650283,259.8779296875,VOO
2019-07-22,260.23025715938155,260.50634765625,VOO
2019-07-23,261.55362145452017,262.2962646484375,VOO
2019-07-24,261.6202780367593,263.5054626464844,VOO
2019-07-25,263.1722008642356,262.2200927734375,VOO
2019-07-26,262.97225312517395,264.0957336425781,VOO
2019-07-29,263.95290302458613,263.6196594238281,VOO
2019-07-30,262.25822901174513,262.9818115234375,VOO
2019-07-31,263.1531522588732,260.00164794921875,VOO
2019-08-01,260.19212067095,257.8213806152344,VOO
2019-08-02,256.96449613065323,255.9362030029297,VOO
2019-08-05,251.89926783229237,248.385986328125,VOO
2019-08-06,249.95697082208025,251.58506774902344,VOO
2019-08-07,248.65260268471786,251.75648498535156,VOO
2019-08-08,253.26080712081387,256.6693420410156,VOO
2019-08-09,255.85047323506757,254.87933349609375,VOO
2019-08-12,253.4892747732445,251.88973999023438,VOO
2019-08-13,251.56604821242675,255.7934112548828,VOO
2019-08-14,251.88972242118854,248.0908203125,VOO
2019-08-15,249.09053305417547,248.87156677246094,VOO
2019-08-16,250.47114611321575,252.51817321777344,VOO
2019-08-19,255.50774714303262,255.6220245361328,VOO
2019-08-20,255.14593333913413,253.64158630371094,VOO
2019-08-21,255.717212856564,255.69818115234375,VOO
2019-08-22,256.38368672224783,255.6029510498047,VOO
2019-08-23,254.39378143938558,249.04293823242188,VOO
2019-08-26,251.17566697826305,251.80406188964844,VOO
2019-08-27,253.18461182307877,250.8138427734375,VOO
2019-08-28,250.14736584452342,252.5561981201172,VOO
2019-08-29,255.0793284293799,255.84100341796875,VOO
2019-08-30,257.21203851710743,255.7362823486328,VOO
2019-09-03,254.05100731323478,254.31759643554688,VOO
2019-09-04,256.35516079068304,257.0406799316406,VOO
2019-09-05,259.5160902877496,260.43963623046875,VOO
2019-09-06,260.8109993229339,260.6300964355469,VOO
2019-09-09,261.6393246567568,260.6967468261719,VOO
2019-09-10,260.0302946141577,260.75390625,VOO
2019-09-11,261.020451454613,262.6295166015625,VOO
2019-09-12,263.4579115339658,263.4007873535156,VOO
2019-09-13,263.93384757479424,263.3340148925781,VOO
2019-09-16,262.19150139843936,262.4676208496094,VOO
2019-09-17,262.2677178985671,263.1817626953125,VOO
2019-09-18,262.78188752641006,263.3436279296875,VOO
2019-09-19,263.7339299341653,263.28643798828125,VOO
2019-09-20,263.9053142228279,261.8773193359375,VOO
2019-09-23,261.43942396827487,262.05828857421875,VOO
2019-09-24,263.07705040699994,259.8874816894531,VOO
2019-09-25,260.0016928926825,261.47747802734375,VOO
2019-09-26,261.4879628093199,260.9618225097656,VOO
2019-09-27,261.6984599862818,259.4981994628906,VOO
2019-09-30,260.033912241167,260.78009033203125,VOO
2019-10-01,261.5836867585065,257.642333984375,VOO
2019-10-02,256.12120635847566,253.0982208251953,VOO
2019-10-03,252.88779638783697,255.10720825195312,VOO
2019-10-04,255.8533563194754,258.646728515625,VOO
2019-10-07,257.8718781814597,257.53704833984375,VOO
2019-10-08,255.69072418519156,253.5382843017578,VOO
2019-10-09,255.4611835814682,255.90122985839844,VOO
2019-10-10,255.8247235256875,257.642333984375,VOO
2019-10-11,260.3017463041006,260.3304443359375,VOO
2019-10-14,260.00524499768716,260.0913391113281,VOO
2019-10-15,261.0383352576504,262.60723876953125,VOO
2019-10-16,262.1863457856238,262.1958923339844,VOO
2019-10-17,263.30558104001193,262.90380859375,VOO
2019-10-18,262.4637474195201,261.82281494140625,VOO
2019-10-21,263.12382437178496,263.6499938964844,VOO
2019-10-22,264.1187321135364,262.7220458984375,VOO
2019-10-23,262.5115493121498,263.49688720703125,VOO
2019-10-24,264.3962346105089,263.927490234375,VOO
2019-10-25,263.3917122601217,265.027587890625,VOO
2019-10-28,266.1563703304856,266.5677185058594,VOO
2019-10-29,266.2520481709047,266.3955383300781,VOO
2019-10-30,266.60601308052964,267.33306884765625,VOO
2019-10-31,267.2373753736127,266.4720458984375,VOO
2019-11-01,267.9070427010702,269.0072021484375,VOO
2019-11-04,270.52829638824477,270.07867431640625,VOO
2019-11-05,270.32733457660777,269.7342224121094,VOO
2019-11-06,269.81074293725914,269.877685546875,VOO
2019-11-07,271.16914988705236,270.8343200683594,VOO
2019-11-08,270.480379237571,271.4944152832031,VOO
2019-11-11,270.18384039426337,270.9682922363281,VOO
2019-11-12,271.28399058421013,271.5040283203125,VOO
2019-11-13,270.5664342292328,271.6187438964844,VOO
2019-11-14,271.3413978374949,271.9823303222656,VOO
2019-11-15,273.2547122969989,274.01043701171875,VOO
2019-11-18,273.7712079893414,274.18255615234375,VOO
2019-11-19,274.78524726401594,274.04864501953125,VOO
2019-11-20,273.5129581931719,273.08245849609375,VOO
2019-11-21,273.1397884115078,272.6614685058594,VOO
2019-11-22,273.35992156239746,273.2642517089844,VOO
2019-11-25,274.1730468854438,275.34014892578125,VOO
2019-11-26,275.42630565528685,275.8950500488281,VOO
2019-11-27,276.52632428594194,277.19598388671875,VOO
2019-11-29,276.70814516450474,276.1341552734375,VOO
2019-12-02,276.49771613966976,273.8860778808594,VOO
2019-12-03,271.22653387599854,271.9631652832031,VOO
2019-12-04,273.03462367246345,273.7042541503906,VOO
2019-12-05,274.3930079144094,274.2112731933594,VOO
2019-12-06,276.0671302790739,276.65069580078125,VOO
2019-12-09,276.34464561149275,275.8089294433594,VOO
2019-12-10,275.80888043866656,275.55059814453125,VOO
2019-12-11,275.9428427998943,276.2680969238281,VOO
2019-12-12,276.3254883372719,278.69793701171875,VOO
2019-12-13,278.4683317850061,278.80316162109375,VOO
2019-12-16,280.54431096067117,280.7738952636719,VOO
2019-12-17,281.2425554265812,280.8312072753906,VOO
2019-12-18,281.2712657076062,280.850341796875,VOO
2019-12-19,281.04172419140326,282.0174865722656,VOO
2019-12-20,283.06019590752857,283.452392578125,VOO
2019-12-23,284.04743277818295,283.730224609375,VOO
2019-12-24,283.92246220580506,283.730224609375,VOO
2019-12-26,284.11479189171365,285.18182373046875,VOO
2019-12-27,285.9892922197804,285.18182373046875,VOO
2019-12-30,285.25867254021074,283.6148986816406,VOO
2019-12-31,283.1246488968155,284.345458984375,VOO
2020-01-02,285.77779743638166,286.8640441894531,VOO
2020-01-03,283.7879415211667,284.7684326171875,VOO
2020-01-06,283.0189173354514,285.83544921875,VOO
2020-01-07,285.3259584386793,285.04718017578125,VOO
2020-01-08,285.2201853892188,286.5179138183594,VOO
2020-01-09,288.12328653327353,288.4981689453125,VOO
2020-01-10,289.09414804146695,287.6714782714844,VOO
2020-01-13,288.2963142981378,289.5747985839844,VOO
2020-01-14,289.2383585025584,289.1902770996094,VOO
2020-01-15,289.16141517136384,289.8343200683594,VOO
2020-01-16,291.20898746147833,292.25677490234375,VOO
2020-01-17,292.9680784330706,293.2468566894531,VOO
2020-01-21,292.30478289622744,292.6412353515625,VOO
2020-01-22,293.4872098452528,292.71820068359375,VOO
2020-01-23,292.0741223029135,293.0065612792969,VOO
2020-01-24,293.5929378190371,290.3341979980469,VOO
2020-01-27,285.34518103029023,285.7200927734375,VOO
2020-01-28,287.13313575300435,288.81536865234375,VOO
2020-01-29,290.09392343599757,288.52703857421875,VOO
2020-01-30,286.4987228025543,289.43060302734375,VOO
2020-01-31,288.80577678162086,284.2397155761719,VOO
2020-02-03,285.6143375845196,286.30645751953125,VOO
2020-02-04,289.82470933981404,290.71868896484375,VOO
2020-02-05,293.5737006629995,294.00628662109375,VOO
2020-02-06,294.919471305542,295.0060119628906,VOO
2020-02-07,293.98710786011367,293.5064697265625,VOO
2020-02-10,292.60286357083896,295.61163330078125,VOO
2020-02-11,296.96699282518153,296.14990234375,VOO
2020-02-12,297.57258467488657,298.05322265625,VOO
2020-02-13,296.64977838431935,297.7648620605469,VOO
2020-02-14,298.1013101493889,298.2647399902344,VOO
2020-02-18,297.26498704526733,297.4476318359375,VOO
2020-02-19,298.3993363209505,298.8799743652344,VOO
2020-02-20,298.33200736003124,297.7071838378906,VOO
2020-02-21,296.3614284994492,294.62152099609375,VOO
2020-02-24,285.4605526072667,284.7684326171875,VOO
2020-02-25,286.2007782085242,276.2131042480469,VOO
2020-02-26,277.4338378084413,274.9922180175781,VOO
2020-02-27,269.7052076412802,262.8032531738281,VOO
2020-02-28,255.04575703587895,261.2171325683594,VOO
2020-03-02,263.38962155063314,272.8774108886719,VOO
2020-03-03,273.329257825869,265.3506774902344,VOO
2020-03-04,270.3396807889004,276.34765625,VOO
2020-03-05,269.44562349423944,267.09051513671875,VOO
2020-03-06,258.8909191809386,262.6110534667969,VOO
2020-03-09,244.05837549162297,242.34730529785156,VOO
2020-03-10,251.56871061785446,254.78477478027344,VOO
2020-03-11,247.8793569263805,242.1522216796875,VOO
2020-03-12,226.90240589747978,218.73182678222656,VOO
2020-03-13,232.42673652372727,239.16793823242188,VOO
2020-03-16,215.2260587664762,211.0924835205078,VOO
2020-03-17,216.09524627926152,224.91290283203125,VOO
2020-03-18,208.68762531608917,212.61837768554688,VOO
2020-03-19,210.95721991805223,212.8018798828125,VOO
2020-03-20,215.17772876515275,203.5303192138672,VOO
2020-03-23,202.45830567089084,197.28167724609375,VOO
2020-03-24,208.98702440220944,216.09523010253906,VOO
2020-03-25,217.30249220160186,218.8670654296875,VOO
2020-03-26,221.42638419779823,232.02108764648438,VOO
2020-03-27,224.73904020875605,224.89356994628906,VOO
2020-03-30,226.88310391534876,232.1659698486328,VOO
2020-03-31,231.25813906479095,228.71812438964844,VOO
2020-04-01,220.12256664177124,218.41311645507812,VOO
2020-04-02,217.62118577500712,223.52215576171875,VOO
2020-04-03,222.54670174975533,220.2191619873047,VOO
2020-04-06,228.85332255433374,235.19854736328125,VOO
2020-04-07,243.30150666362493,235.3240966796875,VOO
2020-04-08,237.81584643018476,243.31117248535156,VOO
2020-04-09,246.39200054051102,246.92318725585938,VOO
2020-04-13,245.9284670277138,244.528076171875,VOO
2020-04-14,249.40527038992084,251.9936065673828,VOO
2020-04-15,246.35340482802522,246.5079345703125,VOO
2020-04-16,247.73449427296845,247.75379943847656,VOO
2020-04-17,253.33608472656223,254.5915985107422,VOO
2020-04-20,250.7670401943133,250.00405883789062,VOO
2020-04-21,245.55180635608374,242.3647003173828,VOO
2020-04-22,247.07774233544384,247.6958465576172,VOO
2020-04-23,248.93203849841908,247.64755249023438,VOO
2020-04-24,249.17352363862796,251.24032592773438,VOO
2020-04-27,253.04630252113145,254.8716278076172,VOO
2020-04-28,258.32919372500817,253.69338989257812,VOO
2020-04-29,258.8120704160879,260.2317810058594,VOO
2020-04-30,258.9086428608963,257.9621887207031,VOO
2020-05-01,253.1719116941227,250.9312744140625,VOO
2020-05-04,249.09622866710845,251.72317504882812,VOO
2020-05-05,254.4370230124875,254.04104614257812,VOO
2020-05-06,255.6539658815796,252.33164978027344,VOO
2020-05-07,255.40288016313136,255.31593322753906,VOO
2020-05-08,258.377511152474,259.5847473144531,VOO
2020-05-11,257.65313464800414,259.62335205078125,VOO
2020-05-12,260.74366150379586,254.39842224121094,VOO
2020-05-13,253.87689603616946,249.88818359375,VOO
2020-05-14,247.56064748097205,252.90145874023438,VOO
2020-05-15,250.66078598208935,254.04104614257812,VOO
2020-05-18,260.1062316084176,261.8059997558594,VOO
2020-05-19,261.352082621343,259.3335876464844,VOO
2020-05-20,262.6172970827644,263.5637512207031,VOO
2020-05-21,263.46722127076,261.6708679199219,VOO
2020-05-22,261.4969359072576,262.2598876953125,VOO
2020-05-26,268.0353280350813,265.6305236816406,VOO
2020-05-27,268.2767853707951,269.5033264160156,VOO
2020-05-28,270.4497928980845,268.9721374511719,VOO
2020-05-29,268.5182246212466,270.17938232421875,VOO
2020-06-01,269.52267328702777,271.357666015625,VOO
2020-06-02,272.1496073086211,273.588623046875,VOO
2020-06-03,275.44294009904456,277.2006530761719,VOO
2020-06-04,276.21561000350596,276.4956970214844,VOO
2020-06-05,281.6530035458265,283.56524658203125,VOO
2020-06-08,284.3571975730085,287.00347900390625,VOO
2020-06-09,284.41513052465245,284.96563720703125,VOO
2020-06-10,285.419537688403,283.1885681152344,VOO
2020-06-11,276.56325829298544,266.86676025390625,VOO
2020-06-12,273.65625495961837,270.08282470703125,VOO
2020-06-15,264.5392260036871,272.5456237792969,VOO
2020-06-16,280.127045079114,277.87677001953125,VOO
2020-06-17,278.85220253556787,276.6018981933594,VOO
2020-06-18,275.2209025514662,276.85308837890625,VOO
2020-06-19,280.1173813013605,275.2208251953125,VOO
2020-06-22,274.6220328934985,277.046142578125,VOO
2020-06-23,279.60551751753474,278.30169677734375,VOO
2020-06-24,276.29283928011944,271.183837890625,VOO
2020-06-25,270.67201535135746,274.0522766113281,VOO
2020-06-26,273.0478520567722,267.6297607421875,VOO
2020-06-29,268.80733772024297,271.5353088378906,VOO
2020-06-30,271.13726851720213,275.1564025878906,VOO
2020-07-01,276.0689857980633,277.039794921875,VOO
2020-07-02,280.3308029333381,278.4377136230469,VOO
2020-07-06,282.18506925428505,282.7578430175781,VOO
2020-07-07,281.2142682158349,279.82598876953125,VOO
2020-07-08,280.5638127193077,281.9035339355469,VOO
2020-07-09,282.5248770800692,280.4667663574219,VOO
2020-07-10,280.2919950832271,283.2820739746094,VOO
2020-07-13,285.5149457761903,280.7191467285156,VOO
2020-07-14,279.3891659622134,284.4761962890625,VOO
2020-07-15,287.5439559133909,287.00030517578125,VOO
2020-07-16,285.22371920367493,286.1654052734375,VOO
2020-07-17,287.0876579987556,286.922607421875,VOO
2020-07-20,286.7090306993696,289.3108215332031,VOO
2020-07-21,291.10682657475525,289.9127502441406,VOO
2020-07-22,289.514656579684,291.56304931640625,VOO
2020-07-23,291.1747642370779,288.077880859375,VOO
2020-07-24,286.25270873127835,286.2138977050781,VOO
2020-07-27,286.8546819082693,288.3011779785156,VOO
2020-07-28,287.53426090201435,286.5149230957031,VOO
2020-07-29,287.3593952963086,289.9805908203125,VOO
2020-07-30,287.107046728147,288.9224548339844,VOO
2020-07-31,290.70876279909464,291.33978271484375,VOO
2020-08-03,292.84455005342534,293.17462158203125,VOO
2020-08-04,292.4270731842516,294.40753173828125,VOO
2020-08-05,295.7181254319652,296.24237060546875,VOO
2020-08-06,295.68896915933556,298.2325134277344,VOO
2020-08-07,297.2908585878773,298.3878479003906,VOO
2020-08-10,298.89270004105254,299.3392639160156,VOO
2020-08-11,300.48481932746904,296.9219665527344,VOO
2020-08-12,299.25186765624045,300.9896240234375,VOO
2020-08-13,300.27123693554154,300.4751281738281,VOO
2020-08-14,300.12562149872394,300.4751281738281,VOO
2020-08-17,301.3779591087143,301.4459228515625,VOO
2020-08-18,301.8536075817235,302.076904296875,VOO
2020-08-19,302.4555770502175,300.7955017089844,VOO
2020-08-20,299.11597325283816,301.74688720703125,VOO
2020-08-21,301.4168075300638,302.824462890625,VOO
2020-08-24,305.1835281561277,305.9019470214844,VOO
2020-08-25,306.4747265122838,306.9698486328125,VOO
2020-08-26,307.5037686243406,310.10552978515625,VOO
2020-08-27,310.87251364352966,310.7268981933594,VOO
2020-08-28,311.76565771166895,312.74615478515625,VOO
2020-08-31,312.58110690095225,311.64910888671875,VOO
2020-09-01,312.41607413930205,314.5615539550781,VOO
2020-09-02,316.42548447250823,319.14373779296875,VOO
2020-09-03,317.4642468959011,308.0959167480469,VOO
2020-09-04,308.49399601252827,305.630126953125,VOO
2020-09-08,300.31983216344804,297.232666015625,VOO
2020-09-09,301.0964187009432,303.0962829589844,VOO
2020-09-10,304.88257923643937,297.7956848144531,VOO
2020-09-11,299.5431296723051,298.01898193359375,VOO
2020-09-14,301.02845231092914,301.8924865722656,VOO
2020-09-15,304.31949242111494,303.4457702636719,VOO
2020-09-16,304.6496180986652,302.22259521484375,VOO
2020-09-17,297.53354696951897,299.5819396972656,VOO
2020-09-18,300.40719691419696,296.0968017578125,VOO
2020-09-21,291.6990344710691,292.8834228515625,VOO
2020-09-22,294.2619974618433,295.84442138671875,VOO
2020-09-23,296.3686344368017,288.990478515625,VOO
2020-09-24,287.66042485141776,289.7864990234375,VOO
2020-09-25,288.8933479258635,294.4269714355469,VOO
2020-09-28,298.4461702434627,299.35870361328125,VOO
2020-09-29,299.15297823004175,297.65155029296875,VOO
2020-09-30,298.3730059367621,299.9426574707031,VOO
2020-10-01,302.3898099345618,301.8438415527344,VOO
2020-10-02,297.0861453281691,299.0360412597656,VOO
2020-10-05,300.9566307499948,304.2616882324219,VOO
2020-10-06,304.42743744675016,300.01092529296875,VOO
2020-10-07,302.82849108456327,305.15863037109375,VOO
2020-10-08,307.06954760005044,307.8592529296875,VOO
2020-10-09,309.51663828468105,310.59881591796875,VOO
2020-10-12,313.0947551540223,315.610107421875,VOO
2020-10-13,315.5320543766142,313.5918884277344,VOO
2020-10-14,314.147645648323,311.6322937011719,VOO
2020-10-15,307.80075831549823,311.2618408203125,VOO
2020-10-16,312.6169517933699,310.99853515625,VOO
2020-10-19,312.2757516234542,306.2993469238281,VOO
2020-10-20,307.5765237462068,307.5082702636719,VOO
2020-10-21,307.5082725226646,306.9525451660156,VOO
2020-10-22,307.16707091689045,308.6392517089844,VOO
2020-10-23,309.87738111973465,309.692138671875,VOO
2020-10-26,306.4358369657445,303.98870849609375,VOO
2020-10-27,304.3591769478238,302.9844970703125,VOO
2020-10-28,297.48578404539063,292.55255126953125,VOO
2020-10-29,292.7963212720003,295.6334228515625,VOO
2020-10-30,294.005268128124,292.3088684082031,VOO
2020-11-02,295.76992027117103,295.71142578125,VOO
2020-11-03,298.8897613015022,300.9273986816406,VOO
2020-11-04,305.34389016187924,307.7032470703125,VOO
2020-11-05,312.89977346285013,313.7284851074219,VOO
2020-11-06,313.3871912005377,313.6894226074219,VOO
2020-11-09,325.9835261472084,317.5989990234375,VOO
2020-11-10,316.6337563084767,317.1894836425781,VOO
2020-11-11,319.21741895286095,319.4221496582031,VOO
2020-11-12,318.55442082556954,316.4680480957031,VOO
2020-11-13,318.27171419228563,320.767578125,VOO
2020-11-16,323.3414073926662,324.6575927734375,VOO
2020-11-17,322.44448072306665,323.0391845703125,VOO
2020-11-18,323.3219259721426,319.1199035644531,VOO
2020-11-19,318.5739244594809,320.45556640625,VOO
2020-11-20,320.1826430376369,318.31072998046875,VOO
2020-11-23,320.0558758333913,320.1923828125,VOO
2020-11-24,322.7272299854945,325.37908935546875,VOO
2020-11-25,325.3108506527185,324.8428649902344,VOO
2020-11-27,325.91530970630834,325.7690734863281,VOO
2020-11-30,325.0476112857296,324.3066711425781,VOO
2020-12-01,327.50448378693244,327.87493896484375,VOO
2020-12-02,326.82200428815264,328.5671691894531,VOO
2020-12-03,328.4696960449219,328.4696960449219,VOO
2020-12-04,329.0448701173087,331.2969970703125,VOO
2020-12-07,330.57553980465303,330.6827697753906,VOO
2020-12-08,329.42512385128293,331.63824462890625,VOO
2020-12-09,332.25243128831767,328.6938781738281,VOO
2020-12-10,327.3289169871623,328.5378723144531,VOO
2020-12-11,326.90978746875044,328.11871337890625,VOO
2020-12-14,330.27330252250937,326.61724853515625,VOO
2020-12-15,329.18139101198034,331.13128662109375,VOO
2020-12-16,331.31649519571295,331.63824462890625,VOO
2020-12-17,333.207886835648,333.44189453125,VOO
2020-12-18,333.8123289846529,332.1061706542969,VOO
2020-12-21,328.3916238151695,331.0824890136719,VOO
2020-12-22,331.33999796276896,330.4295959472656,VOO
2020-12-23,331.4084805671908,330.69384765625,VOO
2020-12-24,331.2420752436569,332.01544189453125,VOO
2020-12-28,334.54102781656866,334.9032287597656,VOO
2020-12-29,336.3913209171634,334.1985168457031,VOO
2020-12-30,335.06970786898654,334.6487731933594,VOO
2020-12-31,334.61943976088247,336.4500427246094,VOO
2021-01-04,337.75199206435434,331.88818359375,VOO
2021-01-05,331.27142930089485,334.0711975097656,VOO
2021-01-06,332.6321883216617,336.09759521484375,VOO
2021-01-07,338.4568038061723,341.1195068359375,VOO
2021-01-08,342.50960553372255,343.0382385253906,VOO
2021-01-11,340.04267957338425,340.7964782714844,VOO
2021-01-12,340.96284094576777,340.8258056640625,VOO
2021-01-13,340.77685739459156,341.677490234375,VOO
2021-01-14,342.48026906392147,340.52239990234375,VOO
2021-01-15,338.9756701669733,338.0946350097656,VOO
2021-01-19,340.473391582353,340.76708984375,VOO
2021-01-20,342.94035555452643,345.3974609375,VOO
2021-01-21,346.0141884267949,345.72052001953125,VOO
2021-01-22,343.97796439320274,344.48699951171875,VOO
2021-01-25,345.27999773030496,345.8869323730469,VOO
2021-01-26,346.76797152060294,345.3680725097656,VOO
2021-01-27,342.1768050918153,336.9884338378906,VOO
2021-01-28,338.68196780332704,339.8175354003906,VOO
2021-01-29,338.03588553179736,333.0139465332031,VOO
2021-02-01,336.3913015445012,338.4862060546875,VOO
2021-02-02,341.69706928130915,343.3514709472656,VOO
2021-02-03,344.2912879156638,343.6941223144531,VOO
2021-02-04,344.70244695018766,347.5413513183594,VOO
2021-02-05,349.38169796482595,348.931396484375,VOO
2021-02-08,350.38027370227917,351.50604248046875,VOO
2021-02-09,350.67393649190456,351.2221374511719,VOO
2021-02-10,352.9352536757918,351.0850830078125,VOO
2021-02-11,352.13253090792114,351.6528625488281,VOO
2021-02-12,350.8990995034288,353.4443054199219,VOO
2021-02-16,354.5211488849974,353.1114807128906,VOO
2021-02-17,351.4668545277277,353.1897888183594,VOO
2021-02-18,350.69348705032667,351.6822204589844,VOO
2021-02-19,352.8765345260751,351.0361328125,VOO
2021-02-22,348.3440452795316,348.2755126953125,VOO
2021-02-23,346.2393915526645,348.7160949707031,VOO
2021-02-24,347.66855750091696,352.5730285644531,VOO
2021-02-25,351.46689023467826,344.1150817871094,VOO
2021-02-26,346.02400950114026,342.2257385253906,VOO
2021-03-01,347.0812159429373,350.5760192871094,VOO
2021-03-02,350.8305502171356,347.8643798828125,VOO
2021-03-03,347.22809731172543,343.273193359375,VOO
2021-03-04,343.10673098930556,339.0441589355469,VOO
2021-03-05,342.40190464818767,345.2604064941406,VOO
2021-03-08,346.18063242766647,343.5668640136719,VOO
2021-03-09,347.27698081269534,348.3733825683594,VOO
2021-03-10,350.7522354348527,350.527099609375,VOO
2021-03-11,353.0625435059799,354.22747802734375,VOO
2021-03-12,352.90591113452024,354.7267150878906,VOO
2021-03-15,355.0302297706158,356.7825012207031,VOO
2021-03-16,357.428540024849,356.3810729980469,VOO
2021-03-17,355.18681513834827,357.5460510253906,VOO
2021-03-18,355.08895302022063,352.2891845703125,VOO
2021-03-19,352.0737944603388,351.66265869140625,VOO
2021-03-22,352.21084066616487,354.44281005859375,VOO
2021-03-23,353.914203635774,351.8388671875,VOO
2021-03-24,353.1114813397315,349.89080810546875,VOO
2021-03-25,348.57899232321034,351.8584289550781,VOO
2021-03-26,353.04022310286814,357.5985107421875,VOO
2021-03-29,356.1838725514505,357.38238525390625,VOO
2021-03-30,356.1740155505008,356.4687194824219,VOO
2021-03-31,356.9894469954994,357.8833923339844,VOO
2021-04-01,359.74997626135786,361.6754455566406,VOO
2021-04-05,364.35733231884,366.8918762207031,VOO
2021-04-06,366.46948167309927,366.68560791015625,VOO
2021-04-07,366.5677343959644,367.1473388671875,VOO
2021-04-08,368.36547071485893,368.93524169921875,VOO
2021-04-09,368.8075668118003,371.58770751953125,VOO
2021-04-12,371.04738025220996,371.75469970703125,VOO
2021-04-13,371.70557683145665,372.7665710449219,VOO
2021-04-14,372.7763703988897,371.56805419921875,VOO
2021-04-15,373.63104991794995,375.5565490722656,VOO
2021-04-16,376.8041505568438,376.8729248046875,VOO
2021-04-19,375.8807097321615,375.0162048339844,VOO
2021-04-20,373.7882204923618,372.2655334472656,VOO
2021-04-21,371.6171755426533,375.7628479003906,VOO
2021-04-22,375.5860307286727,372.3146667480469,VOO
2021-04-23,372.8844593292731,376.28350830078125,VOO
2021-04-26,376.9711918881717,377.098876953125,VOO
2021-04-27,377.43290692642597,376.9809875488281,VOO
2021-04-28,377.3346658128518,376.8041687011719,VOO
2021-04-29,379.5941282933478,379.3190612792969,VOO
2021-04-30,377.1479726276397,376.81396484375,VOO
2021-05-03,378.7689387438851,377.6686706542969,VOO
2021-05-04,375.7824585719967,375.369873046875,VOO
2021-05-05,376.96134674190876,375.43865966796875,VOO
2021-05-06,375.5270392791067,378.49383544921875,VOO
2021-05-07,379.22082810043025,381.1954345703125,VOO
2021-05-10,381.5687710085231,377.46240234375,VOO
2021-05-11,373.0612986998418,374.1517333984375,VOO
2021-05-12,371.38141766244877,366.1649475097656,VOO
2021-05-13,367.61885448677947,370.51690673828125,VOO
2021-05-14,373.120217509049,376.2049255371094,VOO
2021-05-17,375.1734019003431,375.3011169433594,VOO
2021-05-18,375.5172241639455,372.0592346191406,VOO
2021-05-19,367.4714718115241,371.07684326171875,VOO
2021-05-20,371.9020430020456,375.0358581542969,VOO
2021-05-21,376.47998638323793,374.7509765625,VOO
2021-05-24,376.9318778188608,378.5331726074219,VOO
2021-05-25,379.59415224236125,377.7374572753906,VOO
2021-05-26,378.3072282755446,378.42510986328125,VOO
2021-05-27,379.476274465322,378.5921325683594,VOO
2021-05-28,380.21306034461895,379.32891845703125,VOO
2021-06-01,381.6571341712808,379.0341491699219,VOO
2021-06-02,379.6432285824085,379.6726989746094,VOO
2021-06-03,377.40346708012663,378.2286682128906,VOO
2021-06-04,379.99692989923204,381.65716552734375,VOO
2021-06-07,381.6767885826295,381.3329772949219,VOO
2021-06-08,382.1483335208109,381.39190673828125,VOO
2021-06-09,382.22693951967585,380.79266357421875,VOO
2021-06-10,382.0108168740356,382.5511474609375,VOO
2021-06-11,383.1307050304601,383.2191162109375,VOO
2021-06-14,383.3369863596862,384.1818542480469,VOO
2021-06-15,384.26048465313664,383.3763427734375,VOO
2021-06-16,383.5433270743284,381.27398681640625,VOO
2021-06-17,380.7926638437423,381.1365051269531,VOO
2021-06-18,378.0125427635608,376.0772399902344,VOO
2021-06-21,377.7276286446683,381.3428039550781,VOO
2021-06-22,381.40171266012845,383.3664855957031,VOO
2021-06-23,383.47455155168814,382.9538879394531,VOO
2021-06-24,384.9874368370107,385.14459228515625,VOO
2021-06-25,385.979653894693,386.569091796875,VOO
2021-06-28,387.0897638180818,387.3746643066406,VOO
2021-06-29,387.73245497434993,387.545166015625,VOO
2021-06-30,387.11146146151384,387.9000244140625,VOO
2021-07-01,388.66888050322564,390.08831787109375,VOO
2021-07-02,391.18243849883817,393.0552978515625,VOO
2021-07-06,393.0750631802978,392.3160705566406,VOO
2021-07-07,392.9764578819084,393.66644287109375,VOO
2021-07-08,388.5703506631208,390.53192138671875,VOO
2021-07-09,391.951331549884,394.6521911621094,VOO
2021-07-12,394.58317030766284,396.08148193359375,VOO
2021-07-13,395.35201598336016,394.7408752441406,VOO
2021-07-14,396.31804310019777,395.2830505371094,VOO
2021-07-15,394.03120867278216,394.0115051269531,VOO
2021-07-16,395.11546256177587,390.94586181640625,VOO
2021-07-19,386.1848519525593,385.1005554199219,VOO
2021-07-20,385.7610064937545,390.541748046875,VOO
2021-07-21,391.80347694436097,393.8241882324219,VOO
2021-07-22,394.0016035909052,394.66204833984375,VOO
2021-07-23,396.42648960209004,398.60491943359375,VOO
2021-07-26,398.15152795672435,399.6202392578125,VOO
2021-07-27,398.6739469418882,397.8459167480469,VOO
2021-07-28,398.3979487546794,397.62908935546875,VOO
2021-07-29,398.58521559849993,399.34423828125,VOO
2021-07-30,396.8404865086339,397.3924865722656,VOO
2021-08-02,398.9992208863207,396.5841979980469,VOO
2021-08-03,397.3234839892097,399.78778076171875,VOO
2021-08-04,398.5358723593468,397.8754577636719,VOO
2021-08-05,398.9203562405613,400.3594970703125,VOO
2021-08-06,400.63551449971,401.04949951171875,VOO
2021-08-09,400.9411001434094,400.66510009765625,VOO
2021-08-10,401.09880863197515,401.1678161621094,VOO
2021-08-11,402.1732567536301,402.1338195800781,VOO
2021-08-12,401.99583101858735,403.30682373046875,VOO
2021-08-13,403.7898174915771,404.105224609375,VOO
2021-08-16,402.87309494090584,405.0712585449219,VOO
2021-08-17,402.5773549976255,402.3999328613281,VOO
2021-08-18,401.40439659150644,398.0726623535156,VOO
2021-08-19,395.36189776259477,398.6344909667969,VOO
2021-08-20,398.90063924903825,401.7887878417969,VOO
2021-08-23,403.4053924097302,405.3472595214844,VOO
2021-08-24,406.0175464333996,405.98797607421875,VOO
2021-08-25,406.1752242147459,406.7370910644531,VOO
2021-08-26,406.52020682896665,404.3614807128906,VOO
2021-08-27,405.2191242883867,407.9495544433594,VOO
2021-08-30,408.7381520584166,409.82244873046875,VOO
2021-08-31,409.7238626788139,409.12255859375,VOO
2021-09-01,410.10824394962526,409.5562438964844,VOO
2021-09-02,410.84757242266136,410.7785949707031,VOO
2021-09-03,409.6449676323955,410.620849609375,VOO
2021-09-07,410.3250952313434,409.1028137207031,VOO
2021-09-08,408.6099792406912,408.70855712890625,VOO
2021-09-09,408.42264647709595,406.87506103515625,VOO
2021-09-10,408.76769005429674,403.73065185546875,VOO
2021-09-13,406.6286752473998,404.6769714355469,VOO
2021-09-14,406.13582277583293,402.577392578125,VOO
2021-09-15,402.9519939624996,405.938720703125,VOO
2021-09-16,405.3964881210776,405.23876953125,VOO
2021-09-17,404.48967684136244,401.266357421875,VOO
2021-09-20,395.3816462983857,394.71136474609375,VOO
2021-09-21,396.9094823934792,394.326904296875,VOO
2021-09-22,396.4265008122769,398.13177490234375,VOO
2021-09-23,399.9159140933099,402.94207763671875,VOO
2021-09-24,401.3550915851157,403.61236572265625,VOO
2021-09-27,402.58724461811545,402.46893310546875,VOO
2021-09-28,399.75818751262676,394.42547607421875,VOO
2021-09-29,395.6794827237017,395.0465393066406,VOO
2021-09-30,396.42119894300305,390.0424499511719,VOO
2021-10-01,391.8522426433235,394.7102966308594,VOO
2021-10-04,393.72132629836165,389.8545227050781,VOO
2021-10-05,391.1896319780281,393.6422424316406,VOO
2021-10-06,390.28967666613687,395.3926696777344,VOO
2021-10-07,398.616673714207,398.794677734375,VOO
2021-10-08,399.5759531617495,398.0430603027344,VOO
2021-10-11,397.4694887669751,395.14544677734375,VOO
2021-10-12,396.1244798793599,394.3542785644531,VOO
2021-10-13,395.2245426728982,395.6201171875,VOO
2021-10-14,399.239710649188,402.2658996582031,VOO
2021-10-15,404.4020279770681,405.4008483886719,VOO
2021-10-18,403.6899681089751,406.63702392578125,VOO
2021-10-19,408.179801951942,409.80169677734375,VOO
2021-10-20,410.1577011093667,411.3938903808594,VOO
2021-10-21,410.7906228542646,412.4026184082031,VOO
2021-10-22,411.9773749978554,411.9872741699219,VOO
2021-10-25,413.0256914805298,414.1234130859375,VOO
2021-10-26,415.6266026958687,414.51898193359375,VOO
2021-10-27,415.02335941897553,412.7190856933594,VOO
2021-10-28,414.1530812144316,416.7540283203125,VOO
2021-10-29,414.5189741609639,417.4957275390625,VOO
2021-11-01,418.5143526947784,418.3758850097656,VOO
2021-11-02,418.4747786112404,419.9977722167969,VOO
2021-11-03,419.45388594976885,422.5295104980469,VOO
2021-11-04,423.1228593404106,424.50738525390625,VOO
2021-11-05,426.7819790101392,425.9512634277344,VOO
2021-11-08,427.1083580622324,426.4655456542969,VOO
2021-11-09,426.7918654478354,424.9721984863281,VOO
2021-11-10,423.3602440399544,421.55047607421875,VOO
2021-11-11,422.97452822647347,421.6888732910156,VOO
2021-11-12,422.9349517772162,424.8238525390625,VOO
2021-11-15,426.18862256476297,425.0216369628906,VOO
2021-11-16,424.77439155014673,426.6435241699219,VOO
2021-11-17,426.47540366446316,425.6150207519531,VOO
2021-11-18,426.6731888126342,427.0885314941406,VOO
2021-11-19,427.0984535275432,426.2875061035156,VOO
2021-11-22,428.1467175443155,425.16009521484375,VOO
2021-11-23,424.8238779614016,425.71392822265625,VOO
2021-11-24,423.82502009310383,426.76220703125,VOO
2021-11-26,420.4922418005122,417.4759521484375,VOO
2021-11-29,421.9954492431688,422.51959228515625,VOO
2021-11-30,420.1065334116735,414.4299621582031,VOO
2021-12-01,419.7801914411193,409.6632080078125,VOO
2021-12-02,409.841275389064,415.9134216308594,VOO
2021-12-03,417.4561592438985,412.2344970703125,VOO
2021-12-06,414.7761083786485,417.15948486328125,VOO
2021-12-07,422.26250451742493,425.73370361328125,VOO
2021-12-08,426.1886452890562,426.93035888671875,VOO
2021-12-09,425.7040264805686,424.0228271484375,VOO
2021-12-10,426.6731714151158,428.0675964355469,VOO
2021-12-13,427.58301309667064,424.2700500488281,VOO
2021-12-14,421.0954893478605,421.3822937011719,VOO
2021-12-15,421.4020676824535,427.9687194824219,VOO
2021-12-16,429.75873211231084,424.1019287109375,VOO
2021-12-17,421.14500209617177,419.7011413574219,VOO
2021-12-20,414.756360665855,415.16180419921875,VOO
2021-12-21,418.51970817958085,422.52972412109375,VOO
2021-12-22,422.29148661603455,426.7977600097656,VOO
2021-12-23,427.71093317955376,429.4281005859375,VOO
2021-12-27,430.7581478101229,435.5522766113281,VOO
2021-12-28,436.01878012171886,435.2247314453125,VOO
2021-12-29,435.24460049299705,435.7508239746094,VOO
2021-12-30,436.12798759440204,434.5199890136719,VOO
2021-12-31,433.9840528260493,433.3289489746094,VOO
2022-01-03,434.67880606498653,435.989013671875,VOO
2022-01-04,437.30916359605635,435.8103942871094,VOO
2022-01-05,435.52251163375394,427.4627990722656,VOO
2022-01-06,427.0062500548928,426.8871154785156,VOO
2022-01-07,427.0161409882153,425.4081726074219,VOO
2022-01-10,422.2220049653448,424.8523254394531,VOO
2022-01-11,424.5048952436052,428.574462890625,VOO
2022-01-12,430.3412720074463,429.85491943359375,VOO
2022-01-13,430.8673265136081,423.9292297363281,VOO
2022-01-14,420.80264025105197,424.05828857421875,VOO
2022-01-18,419.4824640571196,416.62384033203125,VOO
2022-01-19,418.0432526015768,412.24658203125,VOO
2022-01-20,414.0729567742423,407.7105407714844,VOO
2022-01-21,406.6683122006711,399.700439453125,VOO
2022-01-24,394.31077963237885,401.36798095703125,VOO
2022-01-25,395.2140140049255,396.4944152832031,VOO
2022-01-26,402.64840069023916,395.6011047363281,VOO
2022-01-27,399.9386758213444,393.59613037109375,VOO
2022-01-28,394.8666131978231,403.24395751953125,VOO
2022-01-31,402.6583256718316,410.6187744140625,VOO
2022-02-01,411.26393759080014,413.2987365722656,VOO
2022-02-02,415.86952829490775,417.2392578125,VOO
2022-02-03,411.5121134023211,407.54180908203125,VOO
2022-02-04,407.2936499914448,409.45745849609375,VOO
2022-02-07,410.1622141668575,408.1075744628906,VOO
2022-02-08,407.6708107119737,411.4128112792969,VOO
2022-02-09,415.442669977902,417.44769287109375,VOO
2022-02-10,411.84958749367064,410.1125793457031,VOO
2022-02-11,410.08281832728073,401.93377685546875,VOO
2022-02-14,401.4275193228361,400.62353515625,VOO
2022-02-15,405.1496910660214,407.0554504394531,VOO
2022-02-16,405.16956800198744,407.54180908203125,VOO
2022-02-17,404.46479478203713,398.8765869140625,VOO
2022-02-18,399.16443644323084,396.32568359375,VOO
2022-02-22,394.10229010528286,391.9881286621094,VOO
2022-02-23,394.7871809222453,384.930908203125,VOO
2022-02-24,374.9555276599943,390.8466491699219,VOO
2022-02-25,392.01791531750246,399.3828125,VOO
2022-02-28,394.2313494272499,398.38031005859375,VOO
2022-03-01,397.0403421050027,392.4049987792969,VOO
2022-03-02,394.7673386439511,399.6111145019531,VOO
2022-03-03,402.0131498023839,397.6061096191406,VOO
2022-03-04,393.983207417641,394.3901672363281,VOO
2022-03-07,393.784693640178,382.7472229003906,VOO
2022-03-08,382.8961671705225,379.85888671875,VOO
2022-03-09,387.9781310641298,389.9831237792969,VOO
2022-03-10,385.55625159558525,388.2461242675781,VOO
2022-03-11,390.69779144228283,383.2931823730469,VOO
2022-03-14,384.19642978314613,380.4941101074219,VOO
2022-03-15,382.99535716324567,388.8416442871094,VOO
2022-03-16,392.56383580597003,397.5366516113281,VOO
2022-03-17,395.68053945919047,402.4002685546875,VOO
2022-03-18,400.9808872369926,406.8470153808594,VOO
2022-03-21,406.7973642133792,406.8668518066406,VOO
2022-03-22,408.1472821264238,411.5915222167969,VOO
2022-03-23,409.10017558399386,406.2911682128906,VOO
2022-03-24,408.2172632625522,412.33038330078125,VOO
2022-03-25,413.0972854732833,414.4218444824219,VOO
2022-03-28,413.8043730257787,417.2801208496094,VOO
2022-03-29,421.23391284078156,422.5585021972656,VOO
2022-03-30,421.5327057245856,419.92926025390625,VOO
2022-03-31,419.25205704207804,413.4757385253906,VOO
2022-04-01,414.97954898982744,414.62103271484375,VOO
2022-04-04,414.7505084412813,418.1366271972656,VOO
2022-04-05,416.85188223763595,412.9678039550781,VOO
2022-04-06,409.08370605095587,408.784912109375,VOO
2022-04-07,407.92846097391117,410.84649658203125,VOO
2022-04-08,410.16925680246635,409.8505554199219,VOO
2022-04-11,406.83293855680984,402.7496643066406,VOO
2022-04-12,405.6677026849879,401.2757263183594,VOO
2022-04-13,400.92713173140663,405.80712890625,VOO
2022-04-14,406.05611047914715,400.8773193359375,VOO
2022-04-18,399.9112876661863,400.9470520019531,VOO
2022-04-19,400.9370784365384,407.3507995605469,VOO
2022-04-20,409.14345815442624,407.04205322265625,VOO
2022-04-21,410.6971088632923,401.0068054199219,VOO
2022-04-22,400.0308045851265,390.0616455078125,VOO
2022-04-25,387.8308017928091,392.1929016113281,VOO
2022-04-26,389.8027100288641,380.9788818359375,VOO
2022-04-27,381.9349673933048,381.96484375,VOO
2022-04-28,386.6456781659236,391.53564453125,VOO
2022-04-29,387.8307940120757,377.154541015625,VOO
2022-05-02,377.2441780940309,379.5248107910156,VOO
2022-05-03,380.0626353520772,381.1681213378906,VOO
2022-05-04,381.78557230258065,392.730712890625,VOO
2022-05-05,388.627528530675,378.9372253417969,VOO
2022-05-06,376.46737776670915,376.5570068359375,VOO
2022-05-09,370.8403972543647,364.4067687988281,VOO
2022-05-10,370.38227378515677,365.3429260253906,VOO
2022-05-11,364.4765023782356,359.4570617675781,VOO
2022-05-12,356.37966209544254,359.1781921386719,VOO
2022-05-13,363.2415588901583,367.6534729003906,VOO
2022-05-16,366.20939284546944,366.3388671875,VOO
2022-05-17,372.1351298550775,373.6688537597656,VOO
2022-05-18,369.46606987919165,358.8694763183594,VOO
2022-05-19,355.71242150345455,356.46929931640625,VOO
2022-05-20,359.93510963143825,356.5589294433594,VOO
2022-05-23,359.6164079269791,363.32122802734375,VOO
2022-05-24,359.3774063277163,360.70196533203125,VOO
2022-05-25,359.0686692580455,363.70965576171875,VOO
2022-05-26,364.9545495925405,370.94000244140625,VOO
2022-05-27,373.4098922084696,380.24188232421875,VOO
2022-05-31,378.6782973747864,378.1305236816406,VOO
2022-06-01,380.0526633754294,374.9635314941406,VOO
2022-06-02,374.87390614189013,382.0843505859375,VOO
2022-06-03,377.56285651435553,375.8996887207031,VOO
2022-06-06,379.7737899081449,376.92547607421875,VOO
2022-06-07,373.628980082184,380.6103820800781,VOO
2022-06-08,378.9471846627186,376.4474182128906,VOO
2022-06-09,374.7045655412323,367.5937194824219,VOO
2022-06-10,361.44887806742946,356.8078918457031,VOO
2022-06-13,347.6852776606162,343.05426025390625,VOO
2022-06-14,344.95646919251027,342.1977844238281,VOO
2022-06-15,345.40464266521167,347.0976867675781,VOO
2022-06-16,339.0905149563919,335.6944274902344,VOO
2022-06-17,335.9334590230376,336.57086181640625,VOO
2022-06-21,341.78947509162333,344.81707763671875,VOO
2022-06-22,340.6839703802294,344.09002685546875,VOO
2022-06-23,346.2113521038482,347.7052307128906,VOO
2022-06-24,350.593377331947,358.5308532714844,VOO
2022-06-27,359.5267867589191,357.1863708496094,VOO
2022-06-28,358.610516605823,349.4679870605469,VOO
2022-06-29,350.42999267578125,349.6400146484375,VOO
2022-06-30,345.8800048828125,346.8800048828125,VOO
2022-07-01,346.1600036621094,350.44000244140625,VOO
